,Link,Name,Company,Kind
0,https://pl.indeed.com/rc/clk?jk=c6dc9122600fe223&fccid=9e215d88a6b33622&vjs=3,Junior Analyst in Risk Operations Center,Deloitte,Pełny etat
1,https://pl.indeed.com/rc/clk?jk=67ff05aab40c965a&fccid=9e215d88a6b33622&vjs=3,Junior Analyst Automation & Reporting Team,Deloitte,Pełny etat
2,https://pl.indeed.com/rc/clk?jk=61bb6cdd6ba4ca81&fccid=9a386f5dac9ffc6c&vjs=3,Technical Support Application Analyst (Remote 24/7),Relativity,Pełny etat
3,https://pl.indeed.com/rc/clk?jk=a6b48d7a5c9660a7&fccid=94f8a3a6ac5079e2&vjs=3,Senior Business Planning Analyst,Sherwin-Williams,Pełny etat
4,https://pl.indeed.com/rc/clk?jk=288142b522d72a90&fccid=80fa24e3e94a3473&vjs=3,Analyst - Business Systems,Wesco,Pełny etat
5,https://pl.indeed.com/rc/clk?jk=c6dc9122600fe223&fccid=9e215d88a6b33622&vjs=3,Junior Analyst in Risk Operations Center,Deloitte,Pełny etat
6,https://pl.indeed.com/rc/clk?jk=67ff05aab40c965a&fccid=9e215d88a6b33622&vjs=3,Junior Analyst Automation & Reporting Team,Deloitte,Pełny etat
7,https://pl.indeed.com/rc/clk?jk=61bb6cdd6ba4ca81&fccid=9a386f5dac9ffc6c&vjs=3,Technical Support Application Analyst (Remote 24/7),Relativity,Pełny etat
8,https://pl.indeed.com/rc/clk?jk=a6b48d7a5c9660a7&fccid=94f8a3a6ac5079e2&vjs=3,Senior Business Planning Analyst,Sherwin-Williams,Pełny etat
9,https://pl.indeed.com/rc/clk?jk=288142b522d72a90&fccid=80fa24e3e94a3473&vjs=3,Analyst - Business Systems,Wesco,Pełny etat
