,Link,Name,Price,Company
0,https://store.unionlosangeles.com//collections/headwear/products/hand-crochet-bucket-hat-2,HAND CROCHET BUCKET HAT, $415.00,Nicholas Daley
1,https://store.unionlosangeles.com//collections/headwear/products/halo-hat,HALO HAT, $50.00,New Era
2,https://store.unionlosangeles.com//collections/headwear/products/ny-palm-logo-trucker-hat,NY PALM LOGO TRUCKER HAT, $40.00,PARADIS3
3,https://store.unionlosangeles.com//collections/headwear/products/fuck-everything-trucker-hat,FUCK EVERYTHING TRUCKER HAT, $40.00,PARADIS3
4,https://store.unionlosangeles.com//collections/headwear/products/fuck-everything-trucker-hat-1,FUCK EVERYTHING TRUCKER HAT, $40.00,PARADIS3
5,https://store.unionlosangeles.com//collections/headwear/products/balaclava,BALACLAVA, $495.00,Marni
6,https://store.unionlosangeles.com//collections/headwear/products/awake-x-ne-x-nba-lakers-hat,AWAKE x NE x NBA LAKERS HAT, $55.00,AWAKE NY
7,https://store.unionlosangeles.com//collections/headwear/products/halo-hat-2,HALO HAT, $50.00,New Era
8,https://store.unionlosangeles.com//collections/headwear/products/halo-hat-1,HALO HAT, $50.00,New Era
9,https://store.unionlosangeles.com//collections/headwear/products/5g-wool-knit-cap-1,5G Wool Knit Cap, $88.00,Kapital
10,https://store.unionlosangeles.com//collections/headwear/products/5g-wool-knit-cap,5G Wool Knit Cap, $88.00,Kapital
11,https://store.unionlosangeles.com//collections/headwear/products/rrr123-x-complexcon-hat,RRR123 x COMPLEXCON HAT, $189.00,RRR123
12,https://store.unionlosangeles.com//collections/headwear/products/waled-bucket-hat,WALED BUCKET HAT, $290.00,Bode
13,https://store.unionlosangeles.com//collections/headwear/products/camp-cap,CAMP CAP, $500.00,Visvim
14,https://store.unionlosangeles.com//collections/headwear/products/camp-cap-1,CAMP CAP, $500.00,Visvim
15,https://store.unionlosangeles.com//collections/headwear/products/american-spirit-hat,AMERICAN SPIRIT HAT,$192 $96.00,RHUDE
16,https://store.unionlosangeles.com//collections/headwear/products/htg-x-union-hat,HTG x UNION HAT, $54.00,Honor The Gift
17,https://store.unionlosangeles.com//collections/headwear/products/vista-cap,VISTA CAP, $60.00,Sergio Tacchini
18,https://store.unionlosangeles.com//collections/headwear/products/vista-bucket-hat,VISTA BUCKET HAT, $70.00,Sergio Tacchini
19,https://store.unionlosangeles.com//collections/headwear/products/new-era-x-union-x-dodgers-cap-3,NEW ERA x UNION x DODGERS CAP, $55.00,New Era
20,https://store.unionlosangeles.com//collections/headwear/products/new-era-x-union-x-dodgers-cap-2,NEW ERA x UNION x DODGERS CAP, $50.00,New Era
21,https://store.unionlosangeles.com//collections/headwear/products/new-era-x-union-x-dodgers-cap-1,NEW ERA x UNION x DODGERS CAP, $50.00,New Era
22,https://store.unionlosangeles.com//collections/headwear/products/new-era-x-union-x-dodgers-cap,NEW ERA x UNION x DODGERS CAP, $50.00,New Era
23,https://store.unionlosangeles.com//collections/headwear/products/legend-trucker-hat,LEGEND TRUCKER HAT, $48.00,Supervsn
24,https://store.unionlosangeles.com//collections/headwear/products/legend-trucker-hat-1,LEGEND TRUCKER HAT, $48.00,Supervsn
25,https://store.unionlosangeles.com//collections/headwear/products/sahara-logo-trucker-hat-1,SAHARA LOGO TRUCKER HAT, $65.00,SAHARA
26,https://store.unionlosangeles.com//collections/headwear/products/sahara-logo-trucker-hat,SAHARA LOGO TRUCKER HAT, $65.00,SAHARA
27,https://store.unionlosangeles.com//collections/headwear/products/holyclub-raiment-hat,HOLYCLUB RAIMENT HAT, $223.00,RRR123
28,https://store.unionlosangeles.com//collections/headwear/products/three-way-patch-cap-1,THREE WAY PATCH CAP,$60 $36.00,Real Bad Man
29,https://store.unionlosangeles.com//collections/headwear/products/three-way-patch-cap,THREE WAY PATCH CAP,$60 $36.00,Real Bad Man
30,https://store.unionlosangeles.com//collections/headwear/products/free-wheelin-trucker-cap-1,FREE WHEELIN' Trucker Cap, $114.00,Kapital
31,https://store.unionlosangeles.com//collections/headwear/products/free-wheelin-trucker-cap,FREE WHEELIN' Trucker Cap, $114.00,Kapital
32,https://store.unionlosangeles.com//collections/headwear/products/logo-beanie-1,LOGO BEANIE, $85.00,Lisa Le Strange
33,https://store.unionlosangeles.com//collections/headwear/products/logo-beanie,LOGO BEANIE, $85.00,Lisa Le Strange
34,https://store.unionlosangeles.com//collections/headwear/products/equipment-trucker-hat,EQUIPMENT TRUCKER HAT,$60 $30.00,Afield Out
35,https://store.unionlosangeles.com//collections/headwear/products/bandana-patchwork-bucket-hat-2,Bandana Patchwork BUCKET Hat, $167.00,Kapital
36,https://store.unionlosangeles.com//collections/headwear/products/bandana-patchwork-bucket-hat,Bandana Patchwork BUCKET Hat, $167.00,Kapital
37,https://store.unionlosangeles.com//collections/headwear/products/bandana-patchwork-bucket-hat-1,Bandana Patchwork BUCKET Hat, $167.00,Kapital
38,https://store.unionlosangeles.com//collections/headwear/products/denim-men-love-cats-trucker-cap-2,DENIM MEN LOVE CATS Trucker Cap, $122.00,Kapital
39,https://store.unionlosangeles.com//collections/headwear/products/denim-repair-service-denim-re-construct-trucker-cap,DENIM REPAIR SERVICE Denim Re-Construct Trucker Cap, $167.00,Kapital
40,https://store.unionlosangeles.com//collections/headwear/products/national-champions-trucker-hat-1,NATIONAL CHAMPIONS TRUCKER HAT,$45 $23.00,AWAKE NY
41,https://store.unionlosangeles.com//collections/headwear/products/star-bucket-hat,STAR BUCKET HAT,$45 $23.00,AWAKE NY
42,https://store.unionlosangeles.com//collections/headwear/products/star-bucket-hat-1,STAR BUCKET HAT,$45 $23.00,AWAKE NY
43,https://store.unionlosangeles.com//collections/headwear/products/national-champions-trucker-hat,NATIONAL CHAMPIONS TRUCKER HAT,$45 $23.00,AWAKE NY
44,https://store.unionlosangeles.com//collections/headwear/products/vs-knit-cap-1,VS KNIT CAP, $200.00,Visvim
45,https://store.unionlosangeles.com//collections/headwear/products/vs-knit-cap,VS KNIT CAP, $200.00,Visvim
46,https://store.unionlosangeles.com//collections/headwear/products/superunion-bucket-hat,SUPERUNION BUCKET HAT, $48.00,Supervsn
47,https://store.unionlosangeles.com//collections/headwear/products/superunion-golf-hat,SUPERUNION GOLF HAT, $48.00,Supervsn
48,https://store.unionlosangeles.com//collections/headwear/products/vs-baton-cap-superfine,NAVY VS BATON CAP (SUPERFINE), $230.00,Visvim
49,https://store.unionlosangeles.com//collections/headwear/products/vs-visor-knit-beanie,NAVY VS VISOR KNIT BEANIE, $272.00,Visvim
50,https://store.unionlosangeles.com//collections/headwear/products/vs-visor-knit-beanie-1,BLACK VS VISOR KNIT BEANIE, $272.00,Visvim
51,https://store.unionlosangeles.com//collections/headwear/products/vs-visor-knit-beanie-2,GREY VS VISOR KNIT BEANIE, $272.00,Visvim
